title,url,published_at,category,category_url,text
Bahia registra 33 casos confirmados de Covid-19,http://www.saude.ba.gov.br/2020/03/20/bahia-registra-33-casos-confirmados-de-covid-19/,20/03/2020 11:19,Vigilância,http://www.saude.ba.gov.br/category/vigilancia/,"De janeiro até as 11h desta sexta-feira (20), a Bahia registrou 1310 casos notificados com suspeita clínica de infecção pelo novo coronavírus. Destes, 33 foram confirmados, 459 foram descartados e 818 aguardam análise laboratorial. Os dois novos casos confirmados foram registrados em Lauro de Freitas e Feira de Santana e são considerados importados. Os pacientes estão em isolamento domiciliar. Do total de confirmações, 18 foram em Salvador; 4 em Porto Seguro; 1 em Prado; 3 em Lauro de Freitas; 6 em Feira de Santana; e 1 em Itabuna."
Hospital Regional Costa do Cacau alerta para cuidado com informações sobre o COVID-19,http://www.saude.ba.gov.br/2020/03/20/hospital-regional-costa-do-cacau-alerta-para-cuidado-com-informacoes-sobre-o-covid-19/,20/03/2020 14:04,Hospitais,http://www.saude.ba.gov.br/category/hospitais/,"Com o avanço das tecnologias de comunicação digital e interativa, o ambiente virtual da internet e das redes sociais se tornou um amplo espaço de debates, exposição de ideias e discussões. Porém, nem sempre as informações que circulam no universo da rede condizem com a realidade, inclusive grandes problemas enfrentados pela sociedade, as mentiras disseminadas e as Fakes News (notícias falsas) podem estimular o pânico e induzir a população a graves erros. Diante do quadro atual, de empenho e enfrentamento mundial ao novo coronavírus (COVID-19), a direção do Hospital Regional Costa do Cacau (HRCC), em Ilhéus, reforça a importância da emissão e recepção de informações com ética, confiabilidade e responsabilidade. A direção do HRCC ainda comunica que a autoridade científica oficial, em âmbito estadual, para divulgação de casos do COVID-19 é a Secretaria de Saúde do Estado da Bahia (Sesab), por meio de divulgação dos seus boletins diários. A fonte de informações indicada para consulta sobre o novo coronavírus na Bahia é o  site oficial da Sesab . Inclusive orientações importantes e mais específicas para prevenção e cuidados com COVID-19 estão em  saude.ba.gov.br/coronavirus Ascom HRCC"
Bahia confirma 34 casos de Covid-19,http://www.saude.ba.gov.br/2020/03/20/bahia-confirma-34-casos-de-covid-19/,20/03/2020 17:56,Vigilância,http://www.saude.ba.gov.br/category/vigilancia/,"De janeiro até as 17h desta sexta-feira (20), a Bahia registrou 1311 casos notificados com suspeita clínica de infecção pelo novo coronavírus. Destes, 34 foram confirmados, 533 foram descartados e 744 aguardam análise laboratorial. O último caso foi registrado em Camaçari. É uma mulher de 22 anos, que encontra-se em isolamento domiciliar, adotando as medidas de precaução respiratória e de contato. Do total de confirmações, 18 foram em Salvador; 6 em Feira de Santana; 4 em Porto Seguro; 3 em Lauro de Freitas; 1 em Prado; 1 em Itabuna; e 1 em Camaçari. Ressalta-se que os números são dinâmicos e na medida em que as investigações clínicas e epidemiológicas avançam, os casos são reavaliados, sendo passíveis de reenquadramento na sua classificação. É importante pontuar que o paciente com diagnóstico positivo para o novo coronavírus pode cursar com grau leve, moderado ou grave. A depender da situação clínica, pode ser atendido em unidades da atenção básica, unidades secundárias ou precisar de internação. Mesmo definindo unidades de referência, não significa que ele só pode ser atendido em hospital. Os casos graves devem ser encaminhados a um hospital de referência para isolamento e tratamento. Os casos leves devem ser acompanhados pela Atenção Primária em Saúde (APS) e instituídas medidas de precaução domiciliar. Outras informações podem ser obtidas no link:  www.saude.ba.gov.br/coronavirus . O diagnóstico do coronavírus é feito com a coleta de materiais respiratórios (aspiração de vias aéreas ou indução de escarro). Na suspeita de coronavírus, é necessária a coleta de uma amostra que será encaminhada para o Laboratório Central de Saúde Pública (Lacen-BA). Para confirmar a doença, é necessário realizar exames de biologia molecular que detecte o genoma viral. O diagnóstico do coronavírus é feito com a coleta de amostra, que está indicada sempre que ocorrer a identificação de caso suspeito."
Bahia confirma décimo caso do Novo Coronavírus (Covid-19),http://www.saude.ba.gov.br/2020/03/16/bahia-confirma-decimo-caso-do-novo-coronavirus-covid-19/,16/03/2020 17:15,Notícias,http://www.saude.ba.gov.br/category/noticias/,"O décimo caso do novo coronavírus (Covid-19) na Bahia foi confirmado pelo Laboratório Central de Saúde Pública da Bahia (Lacen-BA) nesta segunda (16). Trata-se de um homem de 43 anos, de Porto Seguro, que trabalha na residência de uma das pessoas com diagnóstico positivo para Covid-19 que estavam em uma festa realizada em Itacaré. O paciente relatou contato diário com o caso confirmado e encontra-se assintomático. Os outros nove casos confirmados são de residentes em Salvador (quatro) e Feira de Santana (cinco). De janeiro até às 17 horas desta segunda-feira (16), a Bahia registrou 587 casos notificados com suspeita clínica de infecção pelo novo coronavírus, sendo 10 confirmados. Outros 249 foram descartados e 328 aguardam análise laboratorial. Ressalta-se que os números são dinâmicos e na medida em que as investigações clínicas e epidemiológicas avançam, os casos são reavaliados, sendo passíveis de reenquadramento na sua classificação. Um novo boletim, com dados atualizados, será divulgado às 17 horas de terça-feira (17). É importante pontuar que o paciente com diagnóstico positivo para o novo coronavírus pode cursar com grau leve, moderado ou grave. A depender da situação clínica, pode ser atendido em unidades primárias de atenção básica, unidades secundárias ou precisar de internação. Mesmo definindo unidades de referência, não significa que ele só pode ser atendido em hospital. Os casos graves devem ser encaminhados a um hospital de referência para isolamento e tratamento. Os casos leves devem ser acompanhados pela Atenção Primária em Saúde (APS) e instituídas medidas de precaução domiciliar. Outras informações podem ser obtidas no link: www.saude.ba.gov.br/coronavirus . O diagnóstico do coronavírus é feito com a coleta de materiais respiratórios (aspiração de vias aéreas ou indução de escarro). Na suspeita de coronavírus, é necessária a coleta de uma amostra que será encaminhada para o Laboratório Central de Saúde Pública (Lacen-BA). Para confirmar a doença, é necessário realizar exames de biologia molecular que detecte o genoma viral. O diagnóstico do coronavírus é feito com a coleta de amostra, que está indicada sempre que ocorrer a identificação de caso suspeito. A fim de ampliar as medidas de prevenção contra infecções virais como Coronavírus, H1N1, H3N2 e Influenza B, as autoridades sanitárias municipais e estadual vem sensibilizando a sociedade sobre a importância da higiene regular das mãos e ratificar a necessidade de cumprimento da Legislação Estadual nº 13.706/2017, que determina a disponibilização de dispensadores de álcool gel por parte de estabelecimentos comerciais que prestam serviços diretamente à população."
Bahia confirma 13 casos do Novo Coronavírus (Covid-19),http://www.saude.ba.gov.br/2020/03/17/bahia-confirma-13-casos-do-novo-coronavirus-covid-19/,17/03/2020 10:39,Vigilância,http://www.saude.ba.gov.br/category/vigilancia/,"Três novos casos do novo coronavírus (Covid-19) na Bahia foram confirmados pelo Laboratório Central de Saúde Pública da Bahia (Lacen-BA) nesta segunda (17). Trata-se de um homem de 42 anos, do município de Prado, no extremo sul do estado, com passagens por Milão e Londres, bem como duas mulheres de Porto Seguro. Uma possui 35 anos, com passagem pelos Estados Unidos e a outra tem 45 anos, com histórico de contato com um paciente de diagnóstico positivo para Covid-19 que esteve numa festa em Itacaré. Atualmente a Bahia registra 13 casos confirmados, sendo residentes em Salvador (4), Feira de Santana (5), Porto Seguro (3) e Prado (1). De janeiro até às 17 horas de ontem (16), a Bahia registrou 587 casos notificados com suspeita clínica de infecção pelo novo coronavírus Ressalta-se que os números são dinâmicos e na medida em que as investigações clínicas e epidemiológicas avançam, os casos são reavaliados, sendo passíveis de reenquadramento na sua classificação. É importante pontuar que o paciente com diagnóstico positivo para o novo coronavírus pode cursar com grau leve, moderado ou grave. A depender da situação clínica, pode ser atendido em unidades primárias de atenção básica, unidades secundárias ou precisar de internação. Mesmo definindo unidades de referência, não significa que ele só pode ser atendido em hospital. Os casos graves devem ser encaminhados a um hospital de referência para isolamento e tratamento. Os casos leves devem ser acompanhados pela Atenção Primária em Saúde (APS) e instituídas medidas de precaução domiciliar. Outras informações podem ser obtidas no link: www.saude.ba.gov.br/coronavirus . O diagnóstico do coronavírus é feito com a coleta de materiais respiratórios (aspiração de vias aéreas ou indução de escarro). Na suspeita de coronavírus, é necessária a coleta de uma amostra que será encaminhada para o Laboratório Central de Saúde Pública (Lacen-BA). Para confirmar a doença, é necessário realizar exames de biologia molecular que detecte o genoma viral. O diagnóstico do coronavírus é feito com a coleta de amostra, que está indicada sempre que ocorrer a identificação de caso suspeito. A fim de ampliar as medidas de prevenção contra infecções virais como Coronavírus, H1N1, H3N2 e Influenza B, as autoridades sanitárias municipais e estadual vem sensibilizando a sociedade sobre a importância da higiene regular das mãos e ratificar a necessidade de cumprimento da Legislação Estadual nº 13.706/2017, que determina a disponibilização de dispensadores de álcool gel por parte de estabelecimentos comerciais que prestam serviços diretamente à população."
Bahia confirma 14 casos do Novo Coronavírus (Covid-19),http://www.saude.ba.gov.br/2020/03/17/bahia-confirma-14-casos-do-novo-coronavirus-covid-19/,17/03/2020 17:35,Vigilância,http://www.saude.ba.gov.br/category/vigilancia/,"Um paciente de 72 anos, residente em Salvador, é o 14º caso confirmado de coronavírus (Covid) na Bahia. Ele tem histórico de viagem recente ao estado de São Paulo e atualmente encontra-se em isolamento domiciliar, adotando as medidas de precaução respiratória e de contato. De janeiro até às 17 horas desta terça-feira (17), a Bahia registrou 671 casos notificados com suspeita clínica de infecção pelo novo coronavírus, sendo 14 confirmados nos municípios de Salvador (5), Feira de Santana (5), Porto Seguro (3) e Prado (1). Outros 252 foram descartados e 405 aguardam análise laboratorial. De acordo com o secretário da Saúde do Estado da Bahia, Fábio Vilas-Boas, “até o momento, todos os casos confirmados no estado foram importados ou possuem transmissão familiar, o que é uma situação diferente da encontrada em São Paulo, onde já existe transmissão comunitária, assim chamada quando as equipes de vigilância não conseguem mais mapear a cadeia de infecção, não sabendo quem foi o primeiro paciente responsável pela contaminação dos demais”, afirma. Ressalta-se que os números são dinâmicos e na medida em que as investigações clínicas e epidemiológicas avançam, os casos são reavaliados, sendo passíveis de reenquadramento na sua classificação. Um novo boletim, com dados atualizados, será divulgado às 17 horas de quarta-feira (18). É importante pontuar que o paciente com diagnóstico positivo para o novo coronavírus pode cursar com grau leve, moderado ou grave. A depender da situação clínica, pode ser atendido em unidades da atenção básica, unidades secundárias ou precisar de internação. Mesmo definindo unidades de referência, não significa que ele só pode ser atendido em hospital. Os casos graves devem ser encaminhados a um hospital de referência para isolamento e tratamento. Os casos leves devem ser acompanhados pela Atenção Primária em Saúde (APS) e instituídas medidas de precaução domiciliar. Outras informações podem ser obtidas no link:  www.saude.ba.gov.br/coronavirus . O diagnóstico do coronavírus é feito com a coleta de materiais respiratórios (aspiração de vias aéreas ou indução de escarro). Na suspeita de coronavírus, é necessária a coleta de uma amostra que será encaminhada para o Laboratório Central de Saúde Pública (Lacen-BA). Para confirmar a doença, é necessário realizar exames de biologia molecular que detecte o genoma viral. O diagnóstico do coronavírus é feito com a coleta de amostra, que está indicada sempre que ocorrer a identificação de caso suspeito. MEDIDAS GOVERNAMENTAIS Suspensão por 30 dias de aulas e eventos que reúnam no mesmo espaço mais de 50 pessoas 
• Pelo decreto, as aulas da rede estadual serão suspensas por 30 dias em Salvador, Feira de Santana e Porto Seguro, cidades que registraram casos de coronavírus, já a partir desta terça-feira (17). 
• Os eventos que reúnam mais de 50 pessoas em Salvador, Feira de Santana e Porto Seguro estão suspensos, sejam de cunho religioso, político ou cultural. Higienização do transporte público 
• Estado da Bahia e o Município de Salvador publicam um decreto determinando, em caráter de urgência, a estratégia de higienização especial nos transportes públicos. A medida visa intensificar a prevenção contra a Covid-19 nos ônibus urbanos, metropolitanos, intermunicipais, interestaduais, metrô, trens, ferry boat e lanchas que fazem a travessia Salvador/Mar Grande. Suspensão de recadastramento de servidores inativos e pensionistas 
• A Superintendência de Previdência (Suprev), unidade vinculada à Secretaria da Administração do Estado (Saeb), suspendeu, até maio, o recadastramento de servidores inativos e pensionistas. Barreiras nas estradas e aeroportos 
• Ficou estabelecida a medição da temperatura das pessoas que chegam ao estado da Bahia pelos aeroportos, rodoviárias de Salvador e de Feira de Santana, e rodovias federais que dão acesso, principalmente, aos passageiros que vêm de São Paulo e Rio de Janeiro. Serão instalados postos avançados na BR-116, BR-101 e na BR-242, que ligam a Bahia ao centro-oeste do país. Caminhões e ônibus serão parados para que a medição da temperatura dos passageiros seja realizada. Aqueles que apresentarem temperatura elevada ou febre não terão a entrada permitida no estado, exceto se forem baianos, recebendo orientações específicas. Outras ações 
• Está suspenso o atracamento de navios de cruzeiros na Bahia a partir da terça-feira (17). 
• Policiais da reserva poderão ser convocados para fiscalização das medidas restritivas definidas pelo Governo do Estado. Trabalho remoto 
• Servidores que tenham 60 (sessenta) ou mais anos de idade, histórico de doenças respiratórias e doenças crônicas ou que utilizam medicamentos imunossupressores, além das servidoras grávidas, passarão a trabalhar remotamente. A regra não é válida para funcionários que desenvolvam atividades de indispensável continuidade e/ou servidores da área de saúde. Diagnóstico de casos da doença 
• A Secretaria da Saúde do Estado da Bahia (Sesab) adquiriu um painel que testa os 21 principais vírus respiratórios no Laboratório Central de Saúde Pública (Lacen-Ba). 
• A capacidade atual é de 80 diagnósticos por dia. 
• O Laboratório Central de Saúde Pública (Lacen-Ba) passou a funcionar 24 horas por dia, inclusive aos finais de semana. 
• A Secretaria da Saúde do Estado da Bahia (Sesab) adquiriu o genoma viral do Covid-19 nos Estados Unidos e passou a realizar os testes no estado, sem a necessidade de contraprova no laboratório de referência nacional, que é a Fiocruz no Rio de Janeiro. Assistência 
• Total de 570 leitos de UTI em 20 regiões de saúde, que poderão receber pacientes por demanda espontânea ou por demanda regulada. ] 
• Total de 1.723 leitos clínicos em 20 regiões de saúde, que poderão receber pacientes por demanda espontânea ou por demanda regulada. 
• A fim de ampliar as medidas de prevenção contra infecções virais como o novo coronavírus, H1N1, H3N2 e Influenza B, as autoridades sanitárias municipais e estadual vem sensibilizando a sociedade sobre a importância da higiene regular das mãos e ratificando a necessidade de cumprimento da Legislação Estadual nº 13.706/2017, que determina a disponibilização de dispensadores de álcool em gel por parte de estabelecimentos comerciais que prestam serviços diretamente à população."
Instituto Couto Maia não possui pacientes com Covid-19,http://www.saude.ba.gov.br/2020/03/18/instituto-couto-maia-nao-possui-pacientes-com-covid-19/,18/03/2020 12:13,Sem categoria,http://www.saude.ba.gov.br/category/sem-categoria/,"O Instituto Couto Maia (Icom), em Salvador, é referência há 167 anos para doenças infectocontagiosas. Desde 2018 está com novas instalações, adequadas para o atendimento a esses casos. A direção da unidade esclarece que “no momento estamos preparados, com a emergência e leitos de UTI desbloqueados para que sejam recebidos pacientes com suspeita de COVID 19, com sintomas moderados a graves”, afirma a infectologista e diretora geral, Ceuci Nunes. A diretora ressalta ainda que “nossa equipe está recebendo treinamento geral e no local de trabalho, diariamente, não só a equipe de profissionais de saúde, como também a administrativa. No presente momento não estamos com nenhum caso confirmado de COVID 19”, diz. Até o momento as autoridades sanitárias não informam casos de transmissão comunitária na Bahia. “Precisamos de calma, serenidade e confiança nas autoridades responsáveis”, destaca a direção do Icom. Nota Pública – Instituto Couto Maia COVID-19"
Bahia confirma 18 casos do Novo Coronavírus (Covid-19),http://www.saude.ba.gov.br/2020/03/18/bahia-confirma-18-casos-do-novo-coronavirus-covid-19/,18/03/2020 12:03,Vigilância,http://www.saude.ba.gov.br/category/vigilancia/,"O Laboratório de Saúde Pública do Estado da Bahia (Lacen) confirmou o diagnóstico de quatro novos casos do novo coronavírus (Covid-19). Os pacientes são residentes em Salvador e tem histórico de viagem ao exterior ou contato com pessoas com diagnóstico positivo para o Covid-19. Segue abaixo o perfil dos pacientes: – Homem, 64 anos, com histórico de viagem pela Tailândia. Segue internado, evoluindo bem; 
– Homem, 50 anos, com histórico de contato com paciente vindo dos Estados Unidos. Segue internado, evoluindo bem; 
– Homem, 43 anos, com histórico de contato com paciente diagnosticado para Covid-19; 
– Mulher, 71 anos, com histórico de viagem pela Espanha e Portugal. Segue internada, evoluindo bem; De janeiro até às 11 horas desta quarta-feira (18), a Bahia registrou 671 casos notificados com suspeita clínica de infecção pelo novo coronavírus, sendo 18 confirmados nos municípios de Salvador (9), Feira de Santana (5), Porto Seguro (3) e Prado (1). Outros 278 aguardam análise laboratorial e os demais foram descartados. No total, 46 municípios fizeram notificação. Até o momento não há registro de transmissão comunitária. Ressalta-se que os números são dinâmicos e na medida em que as investigações clínicas e epidemiológicas avançam, os casos são reavaliados, sendo passíveis de reenquadramento na sua classificação. Diferente do divulgado anteriormente, a ficha de notificação foi retificada, e não há médicos dentre os casos confirmados. Um novo boletim, com dados atualizados, será divulgado às 17 horas de quarta-feira (18). É importante pontuar que o paciente com diagnóstico positivo para o novo coronavírus pode cursar com grau leve, moderado ou grave. A depender da situação clínica, pode ser atendido em unidades da atenção básica, unidades secundárias ou precisar de internação. Mesmo definindo unidades de referência, não significa que ele só pode ser atendido em hospital. Os casos graves devem ser encaminhados a um hospital de referência para isolamento e tratamento. Os casos leves devem ser acompanhados pela Atenção Primária em Saúde (APS) e instituídas medidas de precaução domiciliar. Outras informações podem ser obtidas no link:  www.saude.ba.gov.br/coronavirus . O diagnóstico do coronavírus é feito com a coleta de materiais respiratórios (aspiração de vias aéreas ou indução de escarro). Na suspeita de coronavírus, é necessária a coleta de uma amostra que será encaminhada para o Laboratório Central de Saúde Pública (Lacen-BA). Para confirmar a doença, é necessário realizar exames de biologia molecular que detecte o genoma viral. O diagnóstico do coronavírus é feito com a coleta de amostra, que está indicada sempre que ocorrer a identificação de caso suspeito. MEDIDAS GOVERNAMENTAIS Suspensão por 30 dias de aulas e eventos que reúnam no mesmo espaço mais de 50 pessoas 
• Pelo decreto, as aulas da rede estadual serão suspensas por 30 dia. 
• Os eventos que reúnam mais de 50 pessoas em Salvador, Feira de Santana e Porto Seguro estão suspensos, sejam de cunho religioso, político ou cultural. Higienização do transporte público 
• Estado da Bahia e o Município de Salvador publicam um decreto determinando, em caráter de urgência, a estratégia de higienização especial nos transportes públicos. A medida visa intensificar a prevenção contra a Covid-19 nos ônibus urbanos, metropolitanos, intermunicipais, interestaduais, metrô, trens, ferry boat e lanchas que fazem a travessia Salvador/Mar Grande. Suspensão de recadastramento de servidores inativos e pensionistas 
• A Superintendência de Previdência (Suprev), unidade vinculada à Secretaria da Administração do Estado (Saeb), suspendeu, até maio, o recadastramento de servidores inativos e pensionistas. Barreiras nas estradas e aeroportos 
• Ficou estabelecida a medição da temperatura das pessoas que chegam ao estado da Bahia pelos aeroportos, rodoviárias de Salvador e de Feira de Santana, e rodovias federais que dão acesso, principalmente, aos passageiros que vêm de São Paulo e Rio de Janeiro. Serão instalados postos avançados na BR-116, BR-101 e na BR-242, que ligam a Bahia ao centro-oeste do país. Caminhões e ônibus serão parados para que a medição da temperatura dos passageiros seja realizada. Aqueles que apresentarem temperatura elevada ou febre não terão a entrada permitida no estado, exceto se forem baianos, recebendo orientações específicas. Outras ações 
• Está suspenso o atracamento de navios de cruzeiros na Bahia a partir da terça-feira (17). 
• Policiais da reserva poderão ser convocados para fiscalização das medidas restritivas definidas pelo Governo do Estado. Trabalho remoto 
• Servidores que tenham 60 (sessenta) ou mais anos de idade, histórico de doenças respiratórias e doenças crônicas ou que utilizam medicamentos imunossupressores, além das servidoras grávidas, passarão a trabalhar remotamente. A regra não é válida para funcionários que desenvolvam atividades de indispensável continuidade e/ou servidores da área de saúde. Diagnóstico de casos da doença 
• A Secretaria da Saúde do Estado da Bahia (Sesab) adquiriu um painel que testa os 21 principais vírus respiratórios no Laboratório Central de Saúde Pública (Lacen-Ba). 
• A capacidade atual é de 300 diagnósticos por dia. 
• O Laboratório Central de Saúde Pública (Lacen-Ba) passou a funcionar 24 horas por dia, inclusive aos finais de semana. 
• A Secretaria da Saúde do Estado da Bahia (Sesab) adquiriu o genoma viral do Covid-19 nos Estados Unidos e passou a realizar os testes no estado, sem a necessidade de contraprova no laboratório de referência nacional, que é a Fiocruz no Rio de Janeiro. Assistência 
• Total de 570 leitos de UTI em 20 regiões de saúde, que poderão receber pacientes por demanda espontânea ou por demanda regulada. 
• Total de 1.723 leitos clínicos em 20 regiões de saúde, que poderão receber pacientes por demanda espontânea ou por demanda regulada. 
• A fim de ampliar as medidas de prevenção contra infecções virais como o novo coronavírus, H1N1, H3N2 e Influenza B, as autoridades sanitárias municipais e estadual vem sensibilizando a sociedade sobre a importância da higiene regular das mãos e ratificando a necessidade de cumprimento da Legislação Estadual nº 13.706/2017, que determina a disponibilização de dispensadores de álcool em gel por parte de estabelecimentos comerciais que prestam serviços diretamente à população."
RETIFICAÇÃO ǀ Bahia confirma 27 casos do Novo Coronavírus (Covid-19),http://www.saude.ba.gov.br/2020/03/18/retificacao-%c7%80-bahia-confirma-27-casos-do-novo-coronavirus-covid-19/,18/03/2020 19:17,Sem categoria,http://www.saude.ba.gov.br/category/sem-categoria/,"Diferente do divulgado anteriormente, o Laboratório de Saúde Pública do Estado da Bahia (Lacen) confirmou o diagnóstico de nove casos do novo coronavírus (Covid-19) na noite desta quarta-feira (18). Os novos casos são de residentes em Salvador (8) e  Porto Seguro (1) . As vigilâncias municipais ainda investigam o histórico dos pacientes a fim de aferir se há ou não transmissão comunitária. De janeiro até às 18 horas desta quarta-feira (18), a Bahia registrou 747 casos notificados com suspeita clínica de infecção pelo novo coronavírus, sendo 27 confirmados nos municípios de Salvador (17), Feira de Santana (5),  Porto Seguro (4)  e Prado (1). Outros 335 aguardam análise laboratorial e os demais foram descartados. No total, 46 municípios fizeram notificação. Ressalta-se que os números são dinâmicos e na medida em que as investigações clínicas e epidemiológicas avançam, os casos são reavaliados, sendo passíveis de reenquadramento na sua classificação. É importante pontuar que o paciente com diagnóstico positivo para o novo coronavírus pode cursar com grau leve, moderado ou grave. A depender da situação clínica, pode ser atendido em unidades da atenção básica, unidades secundárias ou precisar de internação. Mesmo definindo unidades de referência, não significa que ele só pode ser atendido em hospital. Os casos graves devem ser encaminhados a um hospital de referência para isolamento e tratamento. Os casos leves devem ser acompanhados pela Atenção Primária em Saúde (APS) e instituídas medidas de precaução domiciliar. Outras informações podem ser obtidas no link:  www.saude.ba.gov.br/coronavirus . O diagnóstico do coronavírus é feito com a coleta de materiais respiratórios (aspiração de vias aéreas ou indução de escarro). Na suspeita de coronavírus, é necessária a coleta de uma amostra que será encaminhada para o Laboratório Central de Saúde Pública (Lacen-BA). Para confirmar a doença, é necessário realizar exames de biologia molecular que detecte o genoma viral. O diagnóstico do coronavírus é feito com a coleta de amostra, que está indicada sempre que ocorrer a identificação de caso suspeito."
Bahia confirma 30 casos do Novo Coronavírus (Covid-19),http://www.saude.ba.gov.br/2020/03/19/bahia-confirma-30-casos-do-novo-coronavirus-covid-19/,19/03/2020 14:27,Notícias,http://www.saude.ba.gov.br/category/noticias/,"O Laboratório de Saúde Pública do Estado da Bahia (Lacen) confirmou o diagnóstico de três novos casos do novo coronavírus (Covid-19) na manhã desta quinta-feira (19). O resultado foi divulgado pelo secretário da Saúde do Estado da Bahia, Fabio Vilas-Boas, durante transmissão ao vivo que realizou no Youtube, no link:  https://www.youtube.com/watch?v=yoBxYQfKHlo . No total, a Bahia contabiliza 30 casos, sendo nos municípios de Salvador (18), Feira de Santana (5), Porto Seguro (4), Lauro de Freitas (2) e Prado (1). De janeiro até às 14 horas desta quinta-feira (19), a Bahia registrou 998 casos notificados com suspeita clínica de infecção pelo novo coronavírus. Destes, 30 foram confirmados, 443 foram descartados e 525 aguardam análise laboratorial. De acordo com o secretário da Saúde do Estado da Bahia, Fábio Vilas-Boas, “as equipes da vigilância estadual e municipais estão trabalhando ao máximo para reduzir a velocidade de novos casos e até o momento, a cadeia de transmissão está identificada”, afirma. OS números são dinâmicos e na medida em que as investigações clínicas e epidemiológicas avançam, os casos são reavaliados, sendo passíveis de reenquadramento na sua classificação. Um novo boletim, com dados atualizados, será divulgado às 17 horas de hoje (19). É importante pontuar que o paciente com diagnóstico positivo para o novo coronavírus pode cursar com grau leve, moderado ou grave. A depender da situação clínica, pode ser atendido em unidades da atenção básica, unidades secundárias ou precisar de internação. Mesmo definindo unidades de referência, não significa que ele só pode ser atendido em hospital. Os casos graves devem ser encaminhados a um hospital de referência para isolamento e tratamento. Os casos leves devem ser acompanhados pela Atenção Primária em Saúde (APS) e instituídas medidas de precaução domiciliar. Outras informações podem ser obtidas no link:  www.saude.ba.gov.br/coronavirus . O diagnóstico do coronavírus é feito com a coleta de materiais respiratórios (aspiração de vias aéreas ou indução de escarro). Na suspeita de coronavírus, é necessária a coleta de uma amostra que será encaminhada para o Laboratório Central de Saúde Pública (Lacen-BA). Para confirmar a doença, é necessário realizar exames de biologia molecular que detecte o genoma viral. O diagnóstico do coronavírus é feito com a coleta de amostra, que está indicada sempre que ocorrer a identificação de caso suspeito."
Bahia segue com 31 casos confirmados de Covid-19,http://www.saude.ba.gov.br/2020/03/19/bahia-segue-com-31-casos-confirmados-de-covid-19/,19/03/2020 18:51,Vigilância,http://www.saude.ba.gov.br/category/vigilancia/,"A Secretaria da Saúde do Estado da Bahia (Sesab) confirmou na tarde desta quinta-feira (19) que 31 casos de Covid-19 foram identificados no estado. De janeiro até as 17 horas de hoje (19), a Bahia registrou 998 casos notificados com suspeita clínica de infecção pelo novo coronavírus. Destes, 31 foram confirmados, 443 foram descartados e 524 aguardam análise laboratorial. As localidades com casos confirmados são: Salvador (18), Feira de Santana (5), Porto Seguro (4), Lauro de Freitas (2), Prado (1) e Itabuna (1). Medidas adicionais de contenção foram tomadas pelo Governador Rui Costa nesta quinta-feira, incluindo extensão da proibição de eventos superiores a 50 pessoas para todo o estado. O perfil dos três pacientes – todos de Salvador – sem fonte de contágio identificável são estes: 
• Homem, 29 anos | encontra-se em isolamento domiciliar, adotando as medidas de precaução respiratória e de contato. 
• Mulher, 45 anos | encontra-se internada em unidade hospitalar da rede privada. 
• Homem, 50 anos | encontra-se internado em unidade hospitalar da rede privada. Outras informações podem ser obtidas no link:  www.saude.ba.gov.br/coronavirus ."
Hospital Geral Ernesto Simões será exclusivo para pacientes com Covid-19,http://www.saude.ba.gov.br/2020/03/21/hospital-geral-ernesto-simoes-sera-exclusivo-para-pacientes-com-covid-19/,21/03/2020 13:36,Notícias,http://www.saude.ba.gov.br/category/noticias/,"A partir desta segunda-feira (23), o Hospital Geral Ernesto Simões Filho (HGESF) atenderá exclusivamente pacientes que necessitem de internação com diagnóstico positivo para o coronavírus (Covid-19). Esta é uma medida de preparação da rede estadual para absorver o eventual crescimento de casos graves. Neste cenário, o HGESF não atenderá casos de urgência e emergência, apenas pacientes regulados. A população que necessite de atendimento de urgência e emergência deve se dirigir a outras unidades, tais como a UPA de San Martin, UPA de São Caetano, Unidade de Emergência do Curuzu e 16º Centro de Saúde – Maria Conceição Imbassahy. O Hospital Geral Ernesto Simões Filho tem capacidade inicial de 164 leitos, sendo 54 de Terapia Intensiva (UTI). A unidade será, ao lado do Instituto Couto Maia, referência terciária na assistência aos casos confirmados de infecção pelo Covid-19. Os atuais pacientes internados estão sendo transferidos neste sábado (21) e domingo (22) para unidades da rede estadual, tais como: Hospital da Mulher, Hospital Eládio Lassére, Hospital Manoel Victorino, Hospital Carvalho Luz e Hospital Geral Roberto Santos."
Bahia confirma 41 casos de Covid-19,http://www.saude.ba.gov.br/2020/03/21/bahia-confirma-41-casos-de-covid-19/,21/03/2020 17:32,Sem categoria,http://www.saude.ba.gov.br/category/sem-categoria/,"Sete novos casos de Covid-19 foram confirmados pelo Laboratório Central de Saúde Pública da Bahia (Lacen-BA) nas últimas 24 horas. Os novos casos são de Salvador (5), Prado (1) e Porto Seguro (1). No total, na Bahia, 41 casos foram confirmados, 535 foram descartados e nenhum óbito. Todos os pacientes encontram-se em isolamento domiciliar, adotando as medidas de precaução respiratória e de contato. Do total de confirmações, 23 foram em Salvador; 6 em Feira de Santana; 5 em Porto Seguro; 3 em Lauro de Freitas; 2 em Prado; 1 em Itabuna; e 1 em Camaçari. Ressalta-se que os números são dinâmicos e na medida em que as investigações clínicas e epidemiológicas avançam, os casos são reavaliados, sendo passíveis de reenquadramento na sua classificação. É importante pontuar que o paciente com diagnóstico positivo para o novo coronavírus pode cursar com grau leve, moderado ou grave. A depender da situação clínica, pode ser atendido em unidades da atenção básica, unidades secundárias ou precisar de internação. Mesmo definindo unidades de referência, não significa que ele só pode ser atendido em hospital. Os casos graves devem ser encaminhados a um hospital de referência para isolamento e tratamento. Os casos leves devem ser acompanhados pela Atenção Primária em Saúde (APS) e instituídas medidas de precaução domiciliar. O diagnóstico do coronavírus é feito com a coleta de materiais respiratórios (aspiração de vias aéreas ou indução de escarro). Na suspeita de coronavírus, é necessária a coleta de uma amostra que será encaminhada para o Laboratório Central de Saúde Pública (Lacen-BA). Para confirmar a doença, é necessário realizar exames de biologia molecular que detecte o genoma viral. O diagnóstico do coronavírus é feito com a coleta de amostra, que está indicada sempre que ocorrer a identificação de caso suspeito. Outras informações podem ser obtidas no link:  www.saude.ba.gov.br/coronavirus. Diagnóstico laboratorial de infecção pelo SARS-CoV-2 
 
Pacientes com suspeita de COVID-19 devem ter amostras coletadas e enviadas para o LACEN-BA quando estiverem em um dos seguintes critérios abaixo-relacionados: 1. Pacientes com sinais de gravidade, SRAG ou internados; 
 2. Pacientes sem sinais de gravidade contactantes de caso de COVID-19 suspeito ou confirmado, ou com histórico de viagem recente ao exterior em países com circulação do SARS-CoV2, e regiões do país com transmissão comunitária sustentada;; 
 3. Profissionais de saúde com sintomas respiratórios suspeitos de COVID-19; 
 4. Gestantes com sintomas respiratórios suspeitos de COVID-19; 
 5. Pessoas com febre, suspeitas de infecção, triadas nos Aeroportos, Portos e nas Estradas 
 Observação: 
 
Pacientes que não se enquadrem nas situações acima não tem indicação para coleta de amostras"
Bahia confirma 49 casos de Covid-19,http://www.saude.ba.gov.br/2020/03/22/bahia-confirma-49-casos-de-covid-19/,22/03/2020 10:44,Vigilância,http://www.saude.ba.gov.br/category/vigilancia/,"Oito casos de coronavírus (Covid-19) foram confirmados na Bahia nas últimas 12 horas, sendo diagnosticados pelo Laboratório Central de Saúde Pública da Bahia (Lacen-BA). Todos os casos são importados ou de transmissão local. Com estes casos, a Bahia totaliza 49 pacientes confirmados com coronavírus, 601 foram descartados e não há óbitos registrados. Os municípios com casos positivos são estes: Salvador (28), sendo que um caso é importado, visto que o paciente reside na cidade de Mossoró, no Rio Grande do Norte; Porto Seguro (7); Feira de Santana (6); Lauro de Freitas (3); Prado (2); Itabuna (1); Camaçari (1); e Barreiras (1). Todos os pacientes encontram-se em isolamento domiciliar, adotando as medidas de precaução respiratória e de contato. Ressalta-se que os números são dinâmicos e na medida em que as investigações clínicas e epidemiológicas avançam, os casos são reavaliados, sendo passíveis de reenquadramento na sua classificação. Um novo boletim, com dados atualizados, será divulgado às 17 horas de hoje (22). É importante pontuar que o paciente com diagnóstico positivo para o novo coronavírus pode cursar com grau leve, moderado ou grave. A depender da situação clínica, pode ser atendido em unidades da atenção básica, unidades secundárias ou precisar de internação. Mesmo definindo unidades de referência, não significa que ele só pode ser atendido em hospital. Os casos graves devem ser encaminhados a um hospital de referência para isolamento e tratamento. Os casos leves devem ser acompanhados pela Atenção Primária em Saúde (APS) e instituídas medidas de precaução domiciliar. O diagnóstico do coronavírus é feito com a coleta de materiais respiratórios (aspiração de vias aéreas ou indução de escarro). Na suspeita de Covid-19, é necessária a coleta de uma amostra que será encaminhada para o Laboratório Central de Saúde Pública (Lacen-BA). Para confirmar a doença, é necessário realizar exames de biologia molecular que detecte o genoma viral. O diagnóstico do coronavírus é feito com a coleta de amostra, que está indicada sempre que ocorrer a identificação de caso suspeito. Outras informações podem ser obtidas no link:  www.saude.ba.gov.br/coronavirus. Diagnóstico laboratorial de infecção pelo SARS-CoV-2 Pacientes com suspeita de COVID-19 devem ter amostras coletadas e enviadas para o Lacen-BA quando estiverem em um dos seguintes critérios abaixo-relacionados: 1. Pacientes com sinais de gravidade, Síndrome Respiratória Aguda Grave (SRAG) ou internados; 
2. Pacientes sem sinais de gravidade contactantes de caso de COVID-19 suspeito ou confirmado, ou com histórico de viagem recente ao exterior em países com circulação do SARS-CoV2, e regiões do país com transmissão comunitária sustentada;; 
3. Profissionais de saúde com sintomas respiratórios suspeitos de COVID-19; 
4. Gestantes com sintomas respiratórios suspeitos de COVID-19; 
5. Pessoas com febre, suspeitas de infecção, triadas nos Aeroportos, Portos e nas Estradas Observação: pacientes que não se enquadrem nas situações acima não tem indicação para coleta de amostras"
Bahia confirma 55 casos de Covid-19,http://www.saude.ba.gov.br/2020/03/22/bahia-confirma-55-casos-de-covid-19/,22/03/2020 17:17,Sem categoria,http://www.saude.ba.gov.br/category/sem-categoria/,"Seis novos casos de coronavírus (Covid-19) foram confirmados na Bahia na tarde deste domingo (22). Destes, cinco foram diagnosticados pelo Laboratório Central de Saúde Pública da Bahia (Lacen-BA) e um caso por um laboratório privado da capital baiana. Com estes casos, a Bahia totaliza 55 pacientes confirmados com coronavírus, 601 foram descartados e não há óbitos registrados. Todos os casos foram importados ou de transmissão local. Os municípios com casos positivos são estes: Salvador (33), sendo que um caso é importado, visto que o paciente reside na cidade de Mossoró, no Rio Grande do Norte; Porto Seguro (7); Feira de Santana (6); Lauro de Freitas (3); Prado (2); Itabuna (1); Camaçari (1); Barreiras (1); e Conceição do Jacuípe (1). Todos os pacientes encontram-se em isolamento domiciliar, adotando as medidas de precaução respiratória e de contato. Ressalta-se que os números são dinâmicos e na medida em que as investigações clínicas e epidemiológicas avançam, os casos são reavaliados, sendo passíveis de reenquadramento na sua classificação. É importante pontuar que o paciente com diagnóstico positivo para o novo coronavírus pode cursar com grau leve, moderado ou grave. A depender da situação clínica, pode ser atendido em unidades da atenção básica, unidades secundárias ou precisar de internação. Mesmo definindo unidades de referência, não significa que ele só pode ser atendido em hospital. Os casos graves devem ser encaminhados a um hospital de referência para isolamento e tratamento. Os casos leves devem ser acompanhados pela Atenção Primária em Saúde (APS) e instituídas medidas de precaução domiciliar. O diagnóstico do coronavírus é feito com a coleta de materiais respiratórios (aspiração de vias aéreas ou indução de escarro). Na suspeita de coronavírus, é necessária a coleta de uma amostra que será encaminhada para o Laboratório Central de Saúde Pública (Lacen-BA). Para confirmar a doença, é necessário realizar exames de biologia molecular que detecte o genoma viral. O diagnóstico do coronavírus é feito com a coleta de amostra, que está indicada sempre que ocorrer a identificação de caso suspeito. Outras informações podem ser obtidas no link:  www.saude.ba.gov.br/coronavirus . Diagnóstico laboratorial de infecção pelo SARS-CoV-2 Pacientes com suspeita de COVID-19 devem ter amostras coletadas e enviadas para o Lacen-BA quando estiverem em um dos seguintes critérios abaixo-relacionados: 1. Pacientes com sinais de gravidade, Síndrome Respiratória Aguda Grave (SRAG) ou internados; 
2. Pacientes sem sinais de gravidade contactantes de caso de COVID-19 suspeito ou confirmado, ou com histórico de viagem recente ao exterior em países com circulação do SARS-CoV2, e regiões do país com transmissão comunitária sustentada;; 
3. Profissionais de saúde com sintomas respiratórios suspeitos de COVID-19; 
4. Gestantes com sintomas respiratórios suspeitos de COVID-19; 
5. Pessoas com febre, suspeitas de infecção, triadas nos Aeroportos, Portos e nas Estradas Observação: pacientes que não se enquadrem nas situações acima não tem indicação para coleta de amostras"
Bahia confirma 63 casos de Covid-19,http://www.saude.ba.gov.br/2020/03/23/bahia-confirma-63-casos-de-covid-19/,23/03/2020 11:31,Sem categoria,http://www.saude.ba.gov.br/category/sem-categoria/,"Oito novos casos de coronavírus (Covid-19) foram confirmados na Bahia até às 11 horas desta segunda-feira (23). Com estes casos, a Bahia totaliza 63 pacientes confirmados com coronavírus, 601 foram descartados e não há óbitos registrados. Todos os casos foram importados ou de transmissão local. Os municípios com casos positivos são estes: Salvador (37), sendo que um caso é importado, visto que o paciente reside na cidade de Mossoró, no Rio Grande do Norte; Porto Seguro (8); Feira de Santana (6); Lauro de Freitas (3); Prado (2); Itabuna (1); Camaçari (1); Barreiras (1); Conceição do Jacuípe (1); Juazeiro (1); Jequié (1 – caso importado de São Paulo); Brumado (1 – caso importado de Belo Horizonte). Todos os pacientes encontram-se em isolamento domiciliar, adotando as medidas de precaução respiratória e de contato. Ressalta-se que os números são dinâmicos e na medida em que as investigações clínicas e epidemiológicas avançam, os casos são reavaliados, sendo passíveis de reenquadramento na sua classificação. É importante pontuar que o paciente com diagnóstico positivo para o novo coronavírus pode cursar com grau leve, moderado ou grave. A depender da situação clínica, pode ser atendido em unidades da atenção básica, unidades secundárias ou precisar de internação. Mesmo definindo unidades de referência, não significa que ele só pode ser atendido em hospital. Os casos graves devem ser encaminhados a um hospital de referência para isolamento e tratamento. Os casos leves devem ser acompanhados pela Atenção Primária em Saúde (APS) e instituídas medidas de precaução domiciliar. O diagnóstico do coronavírus é feito com a coleta de materiais respiratórios (aspiração de vias aéreas ou indução de escarro). Na suspeita de coronavírus, é necessária a coleta de uma amostra que será encaminhada para o Laboratório Central de Saúde Pública (Lacen-BA). Para confirmar a doença, é necessário realizar exames de biologia molecular que detecte o genoma viral. O diagnóstico do coronavírus é feito com a coleta de amostra, que está indicada sempre que ocorrer a identificação de caso suspeito. Outras informações podem ser obtidas no link:  www.saude.ba.gov.br/coronavirus . Diagnóstico laboratorial de infecção pelo SARS-CoV-2 Pacientes com suspeita de COVID-19 devem ter amostras coletadas e enviadas para o Lacen-BA quando estiverem em um dos seguintes critérios abaixo-relacionados: 1. Pacientes com sinais de gravidade, Síndrome Respiratória Aguda Grave (SRAG) ou internados; 
2. Pacientes sem sinais de gravidade contactantes de caso de COVID-19 suspeito ou confirmado, ou com histórico de viagem recente ao exterior em países com circulação do SARS-CoV2, e regiões do país com transmissão comunitária sustentada;; 
3. Profissionais de saúde com sintomas respiratórios suspeitos de COVID-19; 
4. Gestantes com sintomas respiratórios suspeitos de COVID-19; 
5. Pessoas com febre, suspeitas de infecção, triadas nos Aeroportos, Portos e nas Estradas Observação: pacientes que não se enquadrem nas situações acima não tem indicação para coleta de amostras"
Bahia confirma segundo caso do Novo Coronavírus (Covid-19),http://www.saude.ba.gov.br/2020/03/07/bahia-confirma-segundo-caso-do-novo-coronavirus-covid-19/,07/03/2020 19:27,Notícias,http://www.saude.ba.gov.br/category/noticias/,"A Secretaria da Saúde do Estado da Bahia (Sesab) confirmou neste sábado (7), o segundo caso do novo coronavírus (Covid-19) na cidade de Feira de Santana. Trata-se de uma mulher de 42 anos, trabalhadora doméstica, que teve contato domiciliar com a primeira paciente do estado com COVID-19, quando ainda esta ainda estava sintomática. Diferente do caso original, cujo contágio inicial foi na Itália, o novo caso trata-se de uma transmissão local do vírus, sendo agora considerado circulante no estado. Cabe ressaltar que as duas pacientes vinham sendo monitoradas pelo Centro de Informações Estratégicas em Vigilância em Saúde da Bahia (Cievs-BA) em conjunto com a Vigilância Municipal de Feira de Santana. Atualmente ambas se encontram em isolamento domiciliar, adotando todas as medidas de precaução de contato e evoluem clinicamente bem. As amostras foram coletadas na residência e analisadas pelo Laboratório Central de Saúde Pública da Bahia (Lacen-BA), que a partir de hoje está autorizado a realizar os exames para detectar diretamente o Covid-19, sem necessidade de contraprova em laboratório de referência nacional. O resultado confirmando o diagnóstico foi concluído na tarde de hoje (7). O primeiro caso importado do novo coronavírus (Covid-19) na Bahia é de uma mulher de 34 anos, residente na cidade de Feira de Santana, que retornou da Itália em 25 de fevereiro, com passagens por Milão e Roma, onde aconteceu a contaminação. A paciente veio manifestar os sintomas depois de ter chegado ao Brasil. De janeiro até às 17 horas de ontem (06), a Bahia registrou 93 casos notificados com suspeita clínica de infecção pelo novo coronavírus, sendo 21 excluídos por não se enquadrarem no protocolo do Ministério da Saúde, 33 foram descartados laboratorialmente e 38 aguardam análise laboratorial e um caso confirmado. Os municípios notificantes foram Camaçari, Candeias, Feira de Santana, Ilhéus, Itabuna, Jacaraci, Jequié, Lauro de Freitas, Lençóis, Porto Seguro, Salvador, Santa Cruz Cabrália, Texeira de Freitas, Tucano e Vitória da Conquista. Estes números representam notificações oficiais compiladas pelo Centro de Informações Estratégicas em Vigilância em Saúde da Bahia (Cievs-BA) em conjunto com os Cievs municipais. Ressalta-se que os números são dinâmicos e na medida em que as investigações clínicas e epidemiológicas avançam, os casos são reavaliados, sendo passíveis de reenquadramento na sua classificação. Um novo boletim, com dados atualizados, será divulgado às 17 horas desta sexta-feira (6). Atualmente 36 países são monitorados pelo Ministério da Saúde por apresentarem transmissão ativa do coronavírus. Com isso, os critérios para a definição de caso suspeito enquadram agora, as pessoas que apresentarem febre e mais um sintoma gripal, como tosse ou falta de ar e tiveram passagem pela Alemanha, Argélia, Austrália, Bélgica, Bielorrússia, Bósnia e Herzegovina, Canadá, Coreia do Norte, Coreia do Sul, Croácia, Dinamarca, Emirados Árabes Unidos, Equador, Espanha, Estados Unidos, Finlândia, França, Grécia, Holanda, Indonésia, Irã, Israel, Itália, Japão, Líbano, Malásia, Noruega, Reino Unido, Romênia, San Marino, Singapura, Suécia, Suíça, Tailândia, Vietnã, além da China, nos últimos 14 dias. É importante pontuar que o paciente com diagnóstico positivo para o novo coronavírus pode cursar com grau leve, moderado ou grave. A depender da situação clínica, pode ser atendido em unidades primárias de atenção básica, unidades secundárias ou precisar de internação. Mesmo definindo unidades de referência, não significa que ele só pode ser atendido em hospital. Os casos graves devem ser encaminhados a um hospital de referência para isolamento e tratamento. Os casos leves devem ser acompanhados pela Atenção Primária em Saúde (APS) e instituídas medidas de precaução domiciliar. Outras informações podem ser obtidas no link:  www.saude.ba.gov.br/coronavirus .   Confira abaixo o áudio do Secretário da Saúde do Estado, Fábio Vilas-Boas, sobre o caso."
Nota Conjunta Saúde e Educação: Medidas de prevenção da infecção pelo COVID-19 nas escolas e universidades,http://www.saude.ba.gov.br/2020/03/09/medidas-de-prevencao-da-infeccao-humana-pelo-novo-coronavirus-covid-19-dirigidas-a-comunidade-escolar-e-universitaria/,09/03/2020 11:49,Institucional,http://www.saude.ba.gov.br/category/institucional/,"A Doença pelo Coronavírus 2019 (COVID-19), causada pelo vírus SARS-CoV-2, é um agente relacionado a infecções respiratórias, que podem apresentar-se com um quadro semelhante às síndromes gripais. Sua transmissão, com base no conhecimento científico adquirido até o presente momento, ocorre através da entrada do vírus no trato respiratório, através do contato com gotículas de secreções, a exemplo muco nasal. Isso pode acontecer através do contato direto com as secreções da pessoa infectada, pela tosse ou espirro, ou de forma indireta, pelo contato com superfícies e utensílios contaminados, levando-se as partículas ao nariz ou à boca através das mãos. Com objetivo de prevenir a transmissão, recomendamos medidas às instituições escolares, bem como medidas comportamentais, cuja iniciativa cabe aos membros da comunidade escolar – profissionais, alunos e responsáveis. Essas recomendações são relevantes, tendo em vista que as escolas são ambientes fechados, com grande número de pessoas e com realização frequente de atividades coletivas.       A Secretaria da Saúde do Estado da Bahia (Sesab) mantém a vigilância ativa da circulação dos vírus respiratórios, através do monitoramento constante da situação epidemiológica, gerando boletins e notas técnicas para orientação dos serviços de saúde, dos demais setores e da população. Na ocorrência de qualquer mudança no cenário epidemiológico, que justifique a adoção de outras medidas de prevenção e controle dirigidas à comunidade escolar, haverá divulgação, em tempo hábil, através dos veículos oficiais de comunicação. A Secretaria da Educação do Estado da Bahia (SEC) ressalta que ações preventivas já são desenvolvidas, durante o ano letivo nas escolas, por meio de programas e projetos voltados à Educação Ambiental e à Promoção da Saúde na Escola. No entanto, alerta sobre a importância do engajamento de toda a comunidade escolar neste processo de prevenção ao COVID-19. Trabalhar pedagogicamente este contexto é fundamental para que os estudantes se apropriem dos conceitos e conheçam como podem ser agentes multiplicadores sobre a prevenção ao Coronavírus junto aos amigos, às famílias e à comunidade onde vivem. Mais informações em  www.saude.ba.gov.br/coronavirus .   Confira abaixo o áudio do Secretário da Saúde do Estado, Fábio Vilas-Boas, sobre o assunto.  "
Bahia confirma terceiro caso do Novo Coronavírus (Covid-19),http://www.saude.ba.gov.br/2020/03/11/bahia-confirma-terceiro-caso-do-novo-coronavirus-covid-19/,11/03/2020 17:44,Vigilância,http://www.saude.ba.gov.br/category/vigilancia/,"A Secretaria da Saúde do Estado da Bahia (Sesab) confirmou nesta quarta-feira (11), o terceiro caso do novo coronavírus (Covid-19) na cidade de Feira de Santana. Trata-se de uma mulher de 68 anos, que teve contato domiciliar com a segunda paciente do estado com COVID-19, quando ainda estava sintomática. A paciente encontra-se com sintomas leves, em isolamento domiciliar, adotando as medidas de precaução de contato. Este é o segundo caso de transmissão local do vírus, já sendo considerado circulante no estado. As amostras foram coletadas na residência e analisadas pelo Laboratório Central de Saúde Pública da Bahia (Lacen-BA), que a partir desta semana foi autorizado a realizar os exames para detectar diretamente o Covid-19, sem necessidade de contraprova em laboratório de referência nacional. O resultado confirmando o diagnóstico foi concluído na tarde de hoje (11). De acordo com o secretário da Saúde do Estado da Bahia, Fábio Vilas-Boas, caso haja necessidade, enfermarias podem receber mais equipamentos e serem transformadas em leitos de Terapia Intensiva. “O Estado tem trabalhado no sentido de entender como a epidemia tem se comportado e tentar diminuir a possibilidade de transmissão da doença”, afirma Casos iniciais O primeiro caso importado do novo coronavírus (Covid-19) na Bahia é de uma mulher de 34 anos, residente na cidade de Feira de Santana, que retornou da Itália em 25 de fevereiro, com passagens por Milão e Roma, onde aconteceu a contaminação. A paciente veio manifestar os sintomas depois de ter chegado ao Brasil. Já o segundo caso é o de uma mulher de 42 anos, trabalhadora doméstica, que teve contato domiciliar com a primeira paciente do estado com COVID-19, quando ainda esta ainda estava sintomática. As pacientes confirmadas para o Covid-19 são monitoradas pelo Centro de Informações Estratégicas em Vigilância em Saúde da Bahia (Cievs-BA) em conjunto com a Vigilância Municipal de Feira de Santana. Notificações De janeiro até às 17 horas de hoje (11), a Bahia registrou 187 casos notificados com suspeita clínica de infecção pelo novo coronavírus, sendo três confirmados, todos em Feira de Santana. Outros 133 foram descartados e 51 aguardam análise laboratorial. Ao todo, 25 municípios da Bahia fizeram notificações oficiais ao Cievs-BA. Ressalta-se que os números são dinâmicos e na medida em que as investigações clínicas e epidemiológicas avançam, os casos são reavaliados, sendo passíveis de reenquadramento na sua classificação. Um novo boletim, com dados atualizados, será divulgado às 17 horas desta quinta (12). É importante pontuar que o paciente com diagnóstico positivo para o novo coronavírus pode cursar com grau leve, moderado ou grave. A depender da situação clínica, pode ser atendido em unidades primárias de atenção básica, unidades secundárias ou precisar de internação. Mesmo definindo unidades de referência, não significa que ele só pode ser atendido em hospital. Os casos graves devem ser encaminhados a um hospital de referência para isolamento e tratamento. Os casos leves devem ser acompanhados pela Atenção Primária em Saúde (APS) e instituídas medidas de precaução domiciliar. Outras informações podem ser obtidas no link:  www.saude.ba.gov.br/coronavirus ."
Comissão do Hospital Regional Costa do Cacau traça estratégia frente ao novo coronavírus (COVID-19),http://www.saude.ba.gov.br/2020/03/13/comissao-do-hospital-regional-costa-do-cacau-traca-estrategia-frente-ao-novo-coronavirus-covid-19/,13/03/2020 15:47,Hospitais,http://www.saude.ba.gov.br/category/hospitais/,"A Comissão de Operações de Emergência para COVID-19 do Hospital Regional Costa do Cacau (HRCC), em Ilhéus, traçou uma estratégia para o enfrentamento do novo coronavírus. O planejamento para o acolhimento do paciente com suspeita da doença atenderá um fluxograma elaborado para recepção do enfermo e seus cuidados, além da precaução da não transmissibilidade do vírus em ambiente hospitalar. O paciente que chegar ao hospital, apresentando febre e com sintomas respiratórios, receberá uma máscara cirúrgica, no intuito de que sejam evitado ou minimizado os riscos de transmissão de um possível novo coronavírus. De acordo com Gustavo Cunha, médico infectologista do HRCC, a partir do acolhimento o paciente será avaliado e a depender do quadro clínico apresentado algumas medidas serão adotadas. “Caso o paciente apresente um quadro leve, logicamente ele será medicado e vai voltar para casa, se for um caso suspeito de COVID-19 será orientado a ficar em isolamento domiciliar para evitar que passe o vírus para outras pessoas”, relatou. O médico disse que em quadro moderado ou grave, o paciente será internado na unidade e permanecerá isolado para que se evite o risco de contágio. “Casos mais agravados, com síndrome respiratória aguda, faz-se necessário o suporte ventilatório. Os casos mais leves tratamos com hidratação, uso de analgésicos e antitérmicos, até que haja uma remissão total dos sintomas no paciente”, esclareceu o infectologista. Um suporte importante no enfrentamento ao COVID-19 que Gustavo Cunha destaca é que o Laboratório Central de Saúde Pública da Bahia (LACEN-BA) está autorizado a fazer o exame para diagnosticar o novo coronavírus, com isso o resultado do diagnóstico torna-se mais rápido, refletindo na agilidade do tratamento ao paciente. O infectologista ainda alerta para que as pessoas adotem medidas racionais de prevenção contra o COVID-19 para evitar a transmissão e o contágio, como lavagem das mãos, uso de álcool gel, evitar contatos físicos (aperto de mão, abraço, beijo no rosto ou na boca), tossir ou espirrar tapando o nariz e a boca com a parte interna do cotovelo, entre outras medidas. O médico Almir Gonçalves, diretor assistencial do HRCC, reforça que a transmissão do COVID-19 ocorre de pessoa para pessoa pelas secreções respiratórias, como saliva, espirro, tosse, catarro. Também pode ocorrer por contato pessoal direto ou contato com objetos ou superfícies contaminadas, seguidos de contato com a boca, nariz ou olhos. O diretor assistencial recomenda o uso da máscara de proteção por quem apresentar sintomas de febre e dificuldade respiratória, principalmente aquele suspeito de contaminação pelo novo coronavírus. “Ao apresentarem algum problema respiratório, estes pacientes devem procurar o serviço de saúde já usando a máscara de proteção, daí se desencadeia a notificação, a coleta e o tratamento, que pode ser em casa ou em hospital”, afirmou Gonçalves. Ascom do Hospital Costa do Cacau"
Bahia confirma oitavo caso do Novo Coronavírus (Covid-19),http://www.saude.ba.gov.br/2020/03/15/bahia-confirma-oitavo-caso-do-novo-coronavirus-covid-19/,15/03/2020 08:15,Vigilância,http://www.saude.ba.gov.br/category/vigilancia/,"O oitavo caso do novo coronavírus (Covid-19) na BAHIA foi confirmado pelo Laboratório Central de Saúde Pública da Bahia (Lacen-BA) neste domingo (15). Trata-se de um homem de 49 anos, residente em Salvador, com passagens pela Alemanha e Espanha. O paciente encontra-se em isolamento domiciliar, adotando as medidas de precaução. Do total de casos, quatro foram registrados em Salvador e quatro no município de Feira de Santana. De acordo com o secretário da Saúde do Estado da Bahia, Fábio Vilas-Boas, “até o momento, todos os casos confirmados no estado foram importados ou possuem transmissão familiar, o que é uma situação diferente da encontrada em São Paulo, onde já existe transmissão comunitária, assim chamada quando as equipes de vigilância não conseguem mais mapear a cadeia de infecção, não sabendo quem foi o primeiro paciente responsável pela contaminação dos demais”, afirma. Na avaliação de Vilas-Boas, há uma tendência de crescimento do número de casos ao longo dos próximos dias e todo esforço está sendo feito para que essa evolução seja gradativa e espaçada ao longo das semanas. “Medidas individuais e coletivas de contenção existem e são estimuladas, tais como a higiene regular das mãos e o distanciamento social, mas além disso, estamos preparados com hospitais de referência em diversas localidades, que possuem cerca de 600 leitos de UTI e mais de 1.700 leitos clínicos, em caso de necessidade de hospitalização”, detalha o secretário. Confira o áudio do Secretário da Saúde da Bahia, Fábio Vilas-Boas, sobre o assunto."
Bahia confirma nono caso do Novo Coronavírus (Covid-19),http://www.saude.ba.gov.br/2020/03/15/bahia-confirma-nono-caso-do-novo-coronavirus-covid-19/,15/03/2020 17:49,Notícias,http://www.saude.ba.gov.br/category/noticias/,"O nono caso do novo coronavírus (Covid-19) na Bahia foi confirmado pelo Laboratório Central de Saúde Pública da Bahia (Lacen-BA) neste domingo (15). Trata-se de uma mulher de 50 anos, residente em Feira de Santana, com passagem pelos Estados Unidos. A pacientes encontra-se em isolamento domiciliar, adotando as medidas de precaução. Do total de casos, quatro foram registrados em Salvador e cinco no município de Feira de Santana. De acordo com o secretário da Saúde do Estado da Bahia, Fábio Vilas-Boas, “até o momento, todos os casos confirmados no estado foram importados ou possuem transmissão familiar, o que é uma situação diferente da encontrada em São Paulo, onde já existe transmissão comunitária, assim chamada quando as equipes de vigilância não conseguem mais mapear a cadeia de infecção, não sabendo quem foi o primeiro paciente responsável pela contaminação dos demais”, afirma. Para mais informações acesse www.saude.ba.gov.br/coronavirus"
Bahia confirma primeiro caso importado do Novo Coronavírus (Covid-19),http://www.saude.ba.gov.br/2020/03/06/bahia-confirma-primeiro-caso-importado-do-novo-coronavirus-covid-19/,06/03/2020 08:45,Vigilância,http://www.saude.ba.gov.br/category/vigilancia/,"A Secretaria Estadual da Saúde da Bahia (Sesab) confirma o primeiro caso importado do novo coronavírus (Covid-19) na Bahia, nesta sexta-feira (6). Trata-se de uma mulher de 34 anos, residente na cidade de Feira de Santana, que retornou da Itália em 25 de fevereiro, com passagens por Milão e Roma, onde aconteceu a contaminação. O primeiro atendimento e as amostras foram coletadas em um hospital particular da capital baiana, sendo enviadas para a Fundação Oswaldo Cruz (Fiocruz), no Rio de Janeiro, que é a referência nacional do Ministério da Saúde. O resultado laboratorial confirmando o diagnóstico foi concluído hoje. De acordo com o secretário da Saúde do Estado da Bahia, Fábio Vilas-Boas, “trata-se de um caso importado. A paciente contaminou-se na Europa e veio manifestar os sintomas depois de ter chegado ao Brasil. Isso é diferente de haver uma contaminação interna no estado e, portanto, todas as medidas de contenção para garantir que não houve a contaminação de outras pessoas foram e estão sendo tomadas pela vigilância estadual, municipal e Núcleo Regional de Saúde Leste”, afirma o secretário. A paciente encontra-se em casa, na cidade de Feira de Santana, assintomática, com orientação de permanecer em isolamento, adotando as medidas de precaução de contato e respiratório. O monitoramento é realizado pelo Centro de Informações Estratégicas em Vigilância em Saúde da Bahia (Cievs-BA) em conjunto com a vigilância municipal de Feira de Santana. Notificações De janeiro até às 17 horas de ontem (05), a Bahia registrou 73 casos notificados com suspeita clínica de infecção pelo novo coronavírus, sendo 21 excluídos por não se enquadrarem no protocolo do Ministério da Saúde, 29 foram descartados laboratorialmente e 23 aguardam análise laboratorial. Os municípios notificantes foram Camaçari, Feira de Santana, Ilhéus, Itabuna, Jacaraci, Jequié, Lauro de Freitas, Lençóis, Salvador, Sant Cruz Cabrália, Teixeira de Freitas, Tucano e Vitória da Conquista. Estes números representam notificações oficiais compiladas pelo Centro de Informações Estratégicas em Vigilância em Saúde da Bahia (Cievs-BA) em conjunto com os Cievs municipais. Ressalta-se que os números são dinâmicos e na medida em que as investigações clínicas e epidemiológicas avançam, os casos são reavaliados, sendo passíveis de reenquadramento na sua classificação. Um novo boletim, com dados atualizados, será divulgado às 17 horas desta sexta-feira (6). Atualmente 33 países são monitorados pelo Ministério da Saúde por apresentarem transmissão ativa do coronavírus. Com isso, os critérios para a definição de caso suspeito enquadram agora, as pessoas que apresentarem febre e mais um sintoma gripal, como tosse ou falta de ar e tiveram passagem pela Alemanha, Argélia, Austrália, Canadá, China, Coreia do Norte, Coreia do Sul, Croácia, Dinamarca, Emirados Árabes Unidos, Equador, Espanha, Estados Unidos, Finlândia, França, Grécia, Holanda, Indonésia, Irã, Israel, Itália, Japão, Líbano, Malásia, Noruega, Reino Unido, Romênia, San Marino, Singapura, Suécia, Suíça, Tailândia e Vietnã. É importante pontuar que o paciente com diagnóstico positivo para o novo coronavírus pode cursar com grau leve, moderado ou grave. A depender da situação clínica, pode ser atendido em unidades primárias de atenção básica, unidades secundárias ou precisar de internação. Mesmo definindo unidades de referência, não significa que ele só pode ser atendido em hospital. Os casos graves devem ser encaminhados a um hospital de referência para isolamento e tratamento. Os casos leves devem ser acompanhados pela Atenção Primária em Saúde (APS) e instituídas medidas de precaução domiciliar. Outras informações podem ser obtidas no link:  www.saude.ba.gov.br/coronavirus  "
